ShowName,ShowDate,ShowYear,ShowWebsite,SubmittedBy,ExhibitorName,BoothNumber,HallLocation,Website,Email,Phone,Fax,Address,Country,Categories,Manufacturers,Brands,Description
Homi Milano,01/22/2022,2022,http://www.bilbaomueble.com/,DM,ARTE FINO S.L.,,,http://www.arte-fino.com,artefinomed@yahoo.es,0034630571764,0034962201803,"VALENCIA, CALLE ASSAGADOR DE LA TORRE 67B",Spain,,,,
Homi Milano,01/22/2022,2022,http://www.bilbaomueble.com/,DM,ART ARTI DELLA TAVOLA E DEL REGALO,,,http://www.art-tavolaregalo.it,segreteria@art-tavolaregalo.it,0039 02 7750254,0039 02 76013825,"MILANO (MI), CORSO VENEZIA 47",Italy,,,,
Homi Milano,01/22/2022,2022,http://www.bilbaomueble.com/,DM,ARCUCCI TRADE SRL,A01 B02,2P,http://www.arcuccitrade.it,info@arcuccitrade.it,0039 0572 318288,0039 0572 319490,"BUGGIANO (PT), VIA DELLE PADULETTE 4/6",Italy,,,,
Homi Milano,01/22/2022,2022,http://www.bilbaomueble.com/,DM,AR.CA. SAS,,,http://www.arcaitaly.it,info@arcaitaly.it,0039 080 3955747,0039 080 3928130,"BISCEGLIE (BT), VIA M.R. IMBRIANI 514",Italy,,,,
Homi Milano,01/22/2022,2022,http://www.bilbaomueble.com/,DM,AR & CO SRL,N01 P10,2P,http://www.bacimilano.com,sarienti@arandco.it,0039 039 793012,0039 039 2785262,"PADERNO DUGNANO (MI), VIA ROTONDI 47",Italy,,,,
Homi Milano,01/22/2022,2022,http://www.bilbaomueble.com/,DM,ANTIK ARS SRL UNIPERSONALE,,,http://www.antikars.it,stella@antikars.it,0039 030 8900650,0039 030 8900430,"SAREZZO (BS), VIA ANTONINI 111",Italy,,,,
Homi Milano,01/22/2022,2022,http://www.bilbaomueble.com/,DM,ANAMNESIA,,,https://anamnesia.gr,vassilisp@anamnesia.gr,0039 3280239892,,"METAMORPHOSI - ATTIKA, 20 ARTEMIDOS ST",Greece,,,,
Homi Milano,01/22/2022,2022,http://www.bilbaomueble.com/,DM,"AMENITY CO., Ltd",,,https://www.fwoodworking.com,shop@fujiwarawoodworking.com,+81792932277,,"HIMEJI (PREFETTURA DI HYŌGO), 3-11 NISHIYASHIRO-CHO",Japan,,,,
Homi Milano,01/22/2022,2022,http://www.bilbaomueble.com/,DM,AMEFA,,,http://www.amefa.fr,amefa@amefa.fr,0033 33477977475,0033 477973396,"NOIRETABLE, 12-14 RUE DE L'AUVERGNE",France,,,,
Homi Milano,01/22/2022,2022,http://www.bilbaomueble.com/,DM,AMC SRL,H19,1P,http://www.shop.dolfi.com,info@dolfi.com,0039 0471 796239,0039 0471 796656,"CASTELROTTO (BZ), VIA DIGON 26",Italy,,,,
Homi Milano,01/22/2022,2022,http://www.bilbaomueble.com/,DM,AMBIENTI GLAMOUR SRL,C01 D02,1P,http://www.ambientiglamour.com,amministrazione@ambientiglamour.com,0039 0761 527077,0039 0761 527348,"ROMA (RM), VIA DELLA STAZIONE SAN PIETRO 65",Italy,,,,
Homi Milano,01/22/2022,2022,http://www.bilbaomueble.com/,DM,AMBIENTE EUROPE B.V.,C21,1P,http://www.ambiente.eu,info@ambiente.eu,0031 243570440,0031 243570450,"DS BEUGEN, LAAN DE WIJZE 19",Netherlands,,,,
Homi Milano,01/22/2022,2022,http://www.bilbaomueble.com/,DM,ALBERO FORTE COMPOSITE SL,,,http://www.plasticforte.com,clientes@plasticforte.com,0034965567319,,"BANYERES DE MARIOLA, PARTIDA LA MARJAL, 61",Spain,,,,
Homi Milano,01/22/2022,2022,http://www.bilbaomueble.com/,DM,AGAVE SRL,G10,1P,http://www.agavequadri.it,amministrazione@agaveequadri.it,0039 0522 552495,0039 0522 334696,"REGGIO EMILIA (RE), VIA SAN CARLO 16/C",Italy,,,,
Homi Milano,01/22/2022,2022,http://www.bilbaomueble.com/,DM,AGORA' SRL,,,http://www.agoramobili.it,info@agorasrl.biz,0039 0761 757601,0039 0761 756771,"VIGNANELLO (VT), S.P. VASANELLESE 4",Italy,,,,
Homi Milano,01/22/2022,2022,http://www.bilbaomueble.com/,DM,BRAVO 1997 SRL,,,,bravo1997.it@gmail.com,3664977911,,"MILANO (MI), VIA A. FIORAVANTI 28",Italy,,,,
Homi Milano,01/22/2022,2022,http://www.bilbaomueble.com/,DM,BPS ITALIA SRL,,,,bps.italia888@gmail.com,0039 039 6210802,,"BURAGO DI MOLGORA (MB), VIA GALILEO GALILEI 4",Italy,,,,
Homi Milano,01/22/2022,2022,http://www.bilbaomueble.com/,DM,BORELLA SRL,,,http://www.borellacasalinghi.it,info@borellacasalinghi.it,042548245,042548138,"BOARA PISANI (PD), VIA ROMA 87/C",Italy,,,,
Homi Milano,01/22/2022,2022,http://www.bilbaomueble.com/,DM,BOLZONELLA SRL,,,http://www.bolzonella.it,info@bolzonella.it,0039 0429 709665,0429707079,"STANGHELLA (PD), VIA STATALE 37",Italy,,,,
Homi Milano,01/22/2022,2022,http://www.bilbaomueble.com/,DM,BMVA ELEKTRONIK SAN VE TICARET A,F31,4P,www.kiwi-home.com,selda.polat@bmva.com.tr,0090 212 5150515,,"ISTANBUL, OSMANGAZI MAH 2644 SOK NO 3/2 KIRAU ESENYURT",Turkey,,,,
Homi Milano,01/22/2022,2022,http://www.bilbaomueble.com/,DM,BLUESIDE EMOTIONAL DESIGN,F11 G14,2P,http://www.blueside-design.com,info@blueside-design.com,0039 075 3725094,,"PERUGIA (PG), VIA ROMANO DI SOPRA 2/C - SAN MARTINO IN CAMPO",Italy,,,,
Homi Milano,01/22/2022,2022,http://www.bilbaomueble.com/,DM,BLOMUS GMBH,,,http://www.blomus.com,info@blomus.com,0049 29338310,,"SUNDERN, ZUR HUBERTUSHALLE 4",Germany,,,,
Homi Milano,01/22/2022,2022,http://www.bilbaomueble.com/,DM,BLIND BARBER DISTRIBUTION,P20,2P,www.blindbarber.net,info@blindbarber.net,0039 342 7005024,,"UDINE (UD), VIA MALBORGHETTO 28",Italy,,,,
Homi Milano,01/22/2022,2022,http://www.bilbaomueble.com/,DM,BINNEY & SMITH EUROPE LTD,,,http://www.crayola.it,giofresi@libero.it,0543720997,0543721075,"FORLI (FC), VIA FIGLINE 13",Italy,,,,
Homi Milano,01/22/2022,2022,http://www.bilbaomueble.com/,DM,BAUMALU S.A,,,https://www.baumalu.fr,info@baumalu.fr,0039 02 6686294,,"BALDENHEIM, 20, ROUTE DE SCHWOBSHEIM",France,,,,
Homi Milano,01/22/2022,2022,http://www.bilbaomueble.com/,DM,"BATELA 1991, S.L.",C21 D22,3P,http://www.batela.com,arantzazu@batela.com,0034943140945,0034943140072,"ARROA BEHEA - ZESTOA, SANSINENEA INDUSTRIALDEA PARC A. 1-13",Spain,,,,
Homi Milano,01/22/2022,2022,http://www.bilbaomueble.com/,DM,BAN INOUE,,,http://asa-ban.com/en,e-kito@asa-ban.com,0081742232850,,"Nara (Prefettura di Nara), 233 KAWAKAMICHO",Japan,,,,
Homi Milano,01/22/2022,2022,http://www.bilbaomueble.com/,DM,Bagnoli & Baldesi S.r.l.,G12,4P,www.bagnoliebaldesi.it,info@bagnoliebaldesi.it,0039 055 8050412,,"BARBERINO TAVERNELLE (FI), VIA SPICCIANO 99",Italy,,,,
Homi Milano,01/22/2022,2022,http://www.bilbaomueble.com/,DM,B&amp; B SAS di Bego Romeo &amp; C.,,,http://www.bebsolesino.com,info@bebsolesino.com,0039 0429 770477,0039 042 9706069,"STANGHELLA (PD), VIA STATALE 64",Italy,,,,
Homi Milano,01/22/2022,2022,http://www.bilbaomueble.com/,DM,CILIEGINA SULLA TORTA di Francesco Avalle,H23 K22,1P,http://www.ciliegina.sullatorta.com,ciliegina@sullatorta.com,3356277415,,"VOGHERA (PV), VIA PAOLO VERONESE 62",Italy,,,,
Homi Milano,01/22/2022,2022,http://www.bilbaomueble.com/,DM,CIESSEITALIA SRLS,,,www.ciesseitalia.com,ciesseitaliasrls@gmail.com,0039 090 9675792,,"MESSINA (ME), VIALE DELLA LIBERTA' IS 515 175",Italy,,,,
Homi Milano,01/22/2022,2022,http://www.bilbaomueble.com/,DM,"CHIYODA KOGYO CO., LTD",,,http://www.t-chiyoda.co.jp/,r.sugiyama@t-chiyoda.co.jp,0081561380005,,"AICHI, IWAGANE-I HARUKI TOGO-CHO AICHI-GUN",Japan,,,,
Homi Milano,01/22/2022,2022,http://www.bilbaomueble.com/,DM,CHIARA FIRENZE SRL,,,http://www.chiarafirenze.com,info@chiarafirenze.com,0039 0571 541622,,"MONTELUPO FIORENTINO (FI), VIA DEL LAVORO 2A",Italy,,,,
Homi Milano,01/22/2022,2022,http://www.bilbaomueble.com/,DM,CHELSEA INTERNATIONAL,,,http://www.chelsea-international.com/,info@chelsea-international.com,0081353671061,,"TOKYO, 4-45 minamimotomachi shinjuku-ku",Japan,,,,
Homi Milano,01/22/2022,2022,http://www.bilbaomueble.com/,DM,CESPIT DI CESTELLI NICOLA & C. SAS,,,http://www.iovivointoscana.com,amministrazione@iovivoinitalia.it,0039 3470398989,,"SANSEPOLCRO (AR), VIA MALPASSO, 13",Italy,,,,
Homi Milano,01/22/2022,2022,http://www.bilbaomueble.com/,DM,CERVE S.P.A.,E13 F12,4P,http://www.cerve.it,cerve.casa@cerve.it,0039 0521 2786,0039 0521 278774,"PARMA (PR), VIA PARADIGNA 16/A",Italy,,,,
Homi Milano,01/22/2022,2022,http://www.bilbaomueble.com/,DM,CERAMICHE DOLCI FABRIZIO,,,http://www.presepiincotto.com,dolci@presepiincotto.com,0039 0759 140968,0039 0759 140968,"GUALDO TADINO (PG), VIA SAN MICHELE ARCANGELO 1",Italy,,,,
Homi Milano,01/22/2022,2022,http://www.bilbaomueble.com/,DM,ANGELO BOTTA SRL,,,http://www.angelobotta.com,angelobotta@pcert.it,055731005152,0557310052,"CAMPI BISENZIO (FI), VIA ROCCO BENINI 12/C",Italy,,,,
Homi Milano,01/22/2022,2022,http://www.bilbaomueble.com/,DM,CERAMICHE BUCCI SRL,,,http://www.ceramichebucci.com,hello@ceramichebucci.com,0039072127127,,"PESARO (PU), STRADA DELLA ROMAGNA 143",Italy,,,,
Homi Milano,01/22/2022,2022,http://www.bilbaomueble.com/,DM,CERAMICA ND DOLFI,H21,2P,http://www.nddolfi.it,info@nddolfi.it,0039 0571 541204,,"MONTELUPO FIORENTINO (FI), VIA DERUTA Z. ART. PRATELLA",Italy,,,,
Homi Milano,01/22/2022,2022,http://www.bilbaomueble.com/,DM,CERAMICA FLOR SNC di Gravina S. & C.,,,http://www.ceramicaflor.it,ufficio@ceramicaflor.it,0039 039 2873585,0039 039 2873579,"BRUGHERIO (MB), VIA SANTA MARGHERITA 37/39",Italy,,,,
Homi Milano,01/22/2022,2022,http://www.bilbaomueble.com/,DM,CENTURY CO.,,,https://www.marumo1887.com/,century@plum.ocn,0081572245353,,"TAJIMI-CITY (GIFU), 1-12-3 ICHINOKURA-CHO",Japan,,,,
Homi Milano,01/22/2022,2022,http://www.bilbaomueble.com/,DM,CASAPIU' SRL,,,http://www.casa-piu.net,commerciale@casa-piu.net,0039 011 2732150,,"TORINO (TO), STRADA SETTIMO 370/22",Italy,,,,
Homi Milano,01/22/2022,2022,http://www.bilbaomueble.com/,DM,CENTRO DEL MUTAMENTO di Meregalli Maristella,,,http://www.arteinlegno.it,arteinlegno@arteinlegno.it,0141764141,0141763549,"BRUNO (AT), VIA MARCONI 15",Italy,,,,
Homi Milano,01/22/2022,2022,http://www.bilbaomueble.com/,DM,DE DIMORA,,,http://www.dedimora.it,tiphaine.deshays@dedimora.it,0039 011 8610205,,"TORINO (TO), VIALE GIACOMO CURRENO 57/3",Italy,,,,
Homi Milano,01/22/2022,2022,http://www.bilbaomueble.com/,DM,DCG SRL,F21 G22,4P,http://www.dcg16.it,eltronic23@hotmail.com,3356549251,0392871116,"BRUGHERIO (MB), VIA GARIBALDI 68",Italy,,,,
Homi Milano,01/22/2022,2022,http://www.bilbaomueble.com/,DM,DAITOU SHINGU,,,https://daitoushingu.com/,info@daitoushingu.com,,,"KYOTO (KYOTO), 66-2 YAMADEN",Japan,,,,
Homi Milano,01/22/2022,2022,http://www.bilbaomueble.com/,DM,DAFNE DI MASSIMO PASCOLINI,F09,1P,http://www.dafnedesign.it,dafne@pascolinimassimo.191.it,0039 0432 668896,,"REMANZACCO (UD), STRADA DI SALT 46/5",Italy,,,,
Homi Milano,01/22/2022,2022,http://www.bilbaomueble.com/,DM,DACHUANG SRL,,,,dachuangsrl@gmail.com,,,"Bergamo (BG), Passaggio dei Canonici Lateranensi",Italy,,,,
Homi Milano,01/22/2022,2022,http://www.bilbaomueble.com/,DM,DAC SRL,,,http://www.dacsrl.net,dac.info@dacsrl.net,0039 0375820611,0039 0375785840,"CAVRIAGO (RE), VIA LIBERO GRASSI 4",Italy,,,,
Homi Milano,01/22/2022,2022,http://www.bilbaomueble.com/,DM,CREOLE SRL,,,http://www.creolehome.it,commerciale@creolehome.it,0039 0573 744000,0039 0573 744650,"QUARRATA (PT), VIA BOLOGNA 86",Italy,,,,
Homi Milano,01/22/2022,2022,http://www.bilbaomueble.com/,DM,CREAZIONI CERAMICHE di Guastaveglie A. & C. SNC,H10,3P,http://www.presepiterracotta.it/,info@presepiterracotta.it,0039 075 9711635,0759711635,"DERUTA (PG), VIA DELL'ENGOBBIO 4",Italy,,,,
Homi Milano,01/22/2022,2022,http://www.bilbaomueble.com/,DM,CREA SRL,,,www.ideacrea.it,info@ideacrea.it,0039 0574 1581439,,"FIRENZE (FI), VIA PIER CAPPONI 69",Italy,,,,
Homi Milano,01/22/2022,2022,http://www.bilbaomueble.com/,DM,COSTA NOVA,E01,2P,http://www.costanova.com,info@costanova.pt,00351234798132,00351234798133,"VAGOS (-), ZONA INDUSTRIAL DE VAGOS LOTE 78",Portugal,,,,
Homi Milano,01/22/2022,2022,http://www.bilbaomueble.com/,DM,COSMI ITALIA SRL,,,www.cosmimilano.com,erika@cosmiitalia.com,0039 06 22428121,,"ROMA (RM), VIA APPIA NUOVA 669",Italy,,,,
Homi Milano,01/22/2022,2022,http://www.bilbaomueble.com/,DM,COTONWAY FOUTAS,,,http://www.cotonway.fr,info@cotonway.fr,0033 78 2043261,,"AUBAGNE, 155 AVENUE DU DIRIGEABLE",France,,,,
Homi Milano,01/22/2022,2022,http://www.bilbaomueble.com/,DM,CORDERO GIANCARLO,G09,1P,http://www.tessilia.it,gcordero47@gmail.com,0039 335 6049499,,"CHIVASSO (TO), VIA TORINO 69",Italy,,,,
Homi Milano,01/22/2022,2022,http://www.bilbaomueble.com/,DM,COOKUT,,,www.cookut.com/it,info@mainocarlo.it,0039 02 6686294,,"CHAPONOST, 1 ROUTE DES TROQUES",France,,,,
Homi Milano,01/22/2022,2022,http://www.bilbaomueble.com/,DM,BADEN GmbH,E11 E17 F12 F18,3P,http://www.baden-collection.de,info@baden-collection.de,0049 426398536,0049 42633283,"SCHEESSEL, WESTERVESEDER LANDSTRASSE 13",Germany,,,,
Homi Milano,01/22/2022,2022,http://www.bilbaomueble.com/,DM,CORRADO CORRADI,A09 B10,2P,http://www.ichendorfmilano.com,ccspa@corrado-corradi.it,0039 02 5099421,0039 02 58013160,"MILANO (MI), VIA MEDICI DEL VASCELLO 8",Italy,,,,
Homi Milano,01/22/2022,2022,http://www.bilbaomueble.com/,DM,ESSECI ITALIA SRL,,,www.setablu.it,info@setablu.it,0039 0818652607,,"NOLA (NA), VIA VARIANTE 7 BIS 301",Italy,,,,
Homi Milano,01/22/2022,2022,http://www.bilbaomueble.com/,DM,ERREBI SRL,,,www.riloga-errebi.it,info@riloga-errebi.it,0039 023548724,,"NOVATE MILANESE (MI), VIA DAMIANO CHIESA 37",Italy,,,,
Homi Milano,01/22/2022,2022,http://www.bilbaomueble.com/,DM,EMMEVI MV SPA,H20 K19,6P,http://www.emmevimv.it,info@emmevimv.com,0039 0124 32046,0039 0124 32093,"CUCEGLIO (TO), VIA MONTALENGHE 12",Italy,,,,
Homi Milano,01/22/2022,2022,http://www.bilbaomueble.com/,DM,ESTEBAN SA,,,http://www.esteban.fr,commercial@esteban.fr,0033 467070520,0033 467070168,"LAVERUNE (-), ZAC DESCARTES, RUE DE PERPIGNAN",France,,,,
Homi Milano,01/22/2022,2022,http://www.bilbaomueble.com/,DM,EME POSATERIE S.R.L.,A01 B02,4P,http://www.eme-posaterie.it,info@eme-posaterie.it,00390308970860,,"LUMEZZANE (BS), VIA CORSICA 29",Italy,,,,
Homi Milano,01/22/2022,2022,http://www.bilbaomueble.com/,DM,EMBACOLLAGE A&amp;#47;S,,,http://www.embacollage.dk,gs@embacollage.it,3896683516,,"KVISTGAARD, BOEGESKOVVEJ 6",Denmark,,,,
Homi Milano,01/22/2022,2022,http://www.bilbaomueble.com/,DM,EUPHORIC SRL,E09,1P,www.euphoric-home.com,info@euphoric-home.com,0039 329 3947244,,"FIRENZE (FI), VIA LIVORNO 54&amp;#47;2",Italy,,,,
Homi Milano,01/22/2022,2022,http://www.bilbaomueble.com/,DM,EM BEAUTY SRL,,,www.embeauty.it,info@embeauty.it,0039 371 3159093,,"AGRATE BRIANZA (MB), VIA DELLE INDUSTRIE 86",Italy,,,,
Homi Milano,01/22/2022,2022,http://www.bilbaomueble.com/,DM,EMILE HENRY,,,http://www.emilehenry.com,ihernandez@emilehenry.com,0039 02 6686294,0033385251338,"MARCIGNY, 13 RUE GEORGES DE VICHY",France,,,,
Homi Milano,01/22/2022,2022,http://www.bilbaomueble.com/,DM,ELLEGI SRLS,E01 F02,3P,www.ellegift.it,infoellegitorino@gmail.com,0039 011 19821229,,"TORINO (TO), VIA SANT ANTONIO DA PADOVA 1",Italy,,,,
Homi Milano,01/22/2022,2022,http://www.bilbaomueble.com/,DM,ELVEZIA CAVAGNA,,,,info@elveziacavagna.com,0039 349 2446206,,"BONATE SOTTO (BG), VIA B. BELOTTI 37",Italy,,,,
Homi Milano,01/22/2022,2022,http://www.bilbaomueble.com/,DM,EFFEZETA ITALIA SRL,F10,1P,www.effezetaitalia.it,info@effezetaitalia.it,0039 0824 946712,,"CASERTA (CE), VIA ERNESTO ROSSI 18",Italy,,,,
Homi Milano,01/22/2022,2022,http://www.bilbaomueble.com/,DM,EASY LIFE SRL,,,http://www.easylifedesign.it,info@easylifedesign.it,0039 030 6850825,,"MONTICELLI BRUSATI (BS), VIA FORNACI 4/A",Italy,,,,
Homi Milano,01/22/2022,2022,http://www.bilbaomueble.com/,DM,DUE ZETA SRL,H28,2P,http://www.duezeta.net,info@duezeta.net,0039 041 631779,0039 041 5952479,"MARCON (VE), VIA DELLE INDUSTRIE 106",Italy,,,,
Homi Milano,01/22/2022,2022,http://www.bilbaomueble.com/,DM,GANDERSEN SHOPPER MANUFAKTUR,,,https://www.andersen-shopper.de/,mail@andersen-shopper.de,0049 4633 95900,,"MITTELANGEN SATRUP, CHRISTA UND GUNTER ANDERSEN WEG 1",Germany,,,,
Homi Milano,01/22/2022,2022,http://www.bilbaomueble.com/,DM,GAM SRL,,,www.gamcasalinghi.com,gamcasalinghi@gmail.com,0039 0549 964441,,"SERRAVALLE, STRADA DEI CENSITI 1 B",San Marino,,,,
Homi Milano,01/22/2022,2022,http://www.bilbaomueble.com/,DM,GALLOTTI SRL,,,http://www.gallottisrl.com,info@gallottisrl.it,0039 081 8266670,0039 081 5108249,"NOLA (NA), INTERPORTO CAMPANO LOTTO D1 N. 307",Italy,,,,
Homi Milano,01/22/2022,2022,http://www.bilbaomueble.com/,DM,G HOME S.R.L.S.,,,,info@ghomeimport.com,0039 345 0361642,,"CAIVANO (NA), SNC VIA DEL CANTANO",Italy,,,,
Homi Milano,01/22/2022,2022,http://www.bilbaomueble.com/,DM,FONDACO SRL,,,www.fondacosrl.it,amministrazione@fondacosrl.it,,,"CERANESI (GE), VIA BARTOLOMEO PARODI 144B",Italy,,,,
Homi Milano,01/22/2022,2022,http://www.bilbaomueble.com/,DM,FOFIN SRL,,,,fierafofin@libero.it,0039 333 3734334,,"NOLA (NA), CIS ISOLA 1 LOTTI 112 115",Italy,,,,
Homi Milano,01/22/2022,2022,http://www.bilbaomueble.com/,DM,"FLORAL KOBO KATSURA, INC",,,https://www.fujigoke.jp/,info@k-katsura.com,0081455911782,,"YOKOHAMA (KANAGAMA), 3-31-33 MINAMIYAMATA, TSUZUKI-KU",Japan,,,,
Homi Milano,01/22/2022,2022,http://www.bilbaomueble.com/,DM,FLORA SRL,K11 M12,3P,http://www.floracomo.it,franca@floracomo.it,0039 031 460583,0039 031 461338,"SENNA  COMASCO (CO), VIA  INTIMIANO, 29",Italy,,,,
Homi Milano,01/22/2022,2022,http://www.bilbaomueble.com/,DM,FIRESTARS SRL,,,http://www.firestars.it,info@firestars.it,0039 0434 574671,0039 0434 574678,"ZOPPOLA (PN), VIA VILLA FRANCA 8",Italy,,,,
Homi Milano,01/22/2022,2022,http://www.bilbaomueble.com/,DM,FIORIRA' UN GIARDINO SRL,B11 C12,1P,http://www.fioriraungiardino.com,commerciale@fioriraungiardino.it,0039 0432 602332,0039 0432 526162,"BUTTRIO (UD), VIA GALILEO GALILEI 10",Italy,,,,
Homi Milano,01/22/2022,2022,http://www.bilbaomueble.com/,DM,FAYE SAS,B25 C22,1P,http://www.efya-deco.com,ventes@faye-sas.fr,0033556955252,0033556955253,"BLANQUEFORT CEDEX, 4 RUE FRANCOIS COLI ZI B.P. 16",France,,,,
Homi Milano,01/22/2022,2022,http://www.bilbaomueble.com/,DM,FAUSTIG SRL & CO. SAS,F22,2P,http://www.faustig.it,email@faustig.it,0039 0472 272601,0039 0472 272691,"VARNA (BZ), ZONA ARTIGIANALE 6",Italy,,,,
Homi Milano,01/22/2022,2022,http://www.bilbaomueble.com/,DM,FADE S.P.A.,,,http://www.fadespa.com,info@fade.sm,0039 0549 900255,0549900719,"SERRAVALLE, STRADA CARDIO 52",San Marino,,,,
Homi Milano,01/22/2022,2022,http://www.bilbaomueble.com/,DM,FABBRO SOUVENIR SRL,,,https://www.fabbro-s.it/,info@fabbro-s.it,0039 0432 773074,,"ROMA (RM), VIA LUIGI ARNALDO VASSALLO 71",Italy,,,,
Homi Milano,01/22/2022,2022,http://www.bilbaomueble.com/,DM,F&G FRAGRANZE di Rizzo Giacomo,,,http://www.fg-fragranze.it,info@fg-fragranze.it,0039 0923 915379,0039 0923 915379,"PANTELLERIA (TP), VIA TRACINO 38",Italy,,,,
Homi Milano,01/22/2022,2022,http://www.bilbaomueble.com/,DM,F.LLI GNALI BACICIO S.R.L.,E21 F22,4P,http://www.gnalibacicio.it,gnalibacicio@gmail.com,0039 030 9718293,0039 030 9719455,"BARBARIGA (BS), VIA INDUSTRIALE 33",Italy,,,,
Homi Milano,01/22/2022,2022,http://www.bilbaomueble.com/,DM,IBILI MENAJE SA,A09 B10,9P,http://www.ibili.net,comercial@ibili.net,0034 943765139,0034943765139,"BERGARA, B SAN JUAN APARTADO POSTAL 36",Spain,,,,
Homi Milano,01/22/2022,2022,http://www.bilbaomueble.com/,DM,I BORBONE SRL,F21 G22,2P,http://www.iborbone.it,capodimonteiborbone@virgilio.it,0039 081 5402962,0039 081 7570138,"NAPOLI (NA), VIA G. ORSINI 40",Italy,,,,
Homi Milano,01/22/2022,2022,http://www.bilbaomueble.com/,DM,"HORIUCHI MIRROR INDUSTRY CO.,LTD",,,http://www.cr-horiuchi.co.jp/,horiuchi@cr-horiuchi.co.jp,0081667021987,,"OSAKA (OSAKA), 1-5-11 NISHIWAKI, HIRANO-KU",Japan,,,,
Homi Milano,01/22/2022,2022,http://www.bilbaomueble.com/,DM,HOME SOCIETY BV,,,https://www.homesociety.nl,dolf@homesociety.nl,0031 252 760760,,"LISSE, 1E POELLAAN 6",Netherlands,,,,
Homi Milano,01/22/2022,2022,http://www.bilbaomueble.com/,DM,HOFF-INTERIEUR GmbH & Co. KG,"F01 G02, F11 G12",3P,http://www.hoff-interieur.de,info@hoff-interieur.de,00499119306029,0049911305956,"NURNBERG, WETZLARER STRASSE 26",Germany,,,,
Homi Milano,01/22/2022,2022,http://www.bilbaomueble.com/,DM,HD GROUP SRL,,,,info@hdgroup.it,,,"Roma (RM), 27 Via Monte Flavio",Italy,,,,
Homi Milano,01/22/2022,2022,http://www.bilbaomueble.com/,DM,"HARADA FABRIC CO., LTD",,,https://www.harada-orimono.co.jp/en/,adomini@harada-orimono.co.jp,0081736423509,,"HASHIMOTO (WAKAYAMA), 821 NAGOSO KOUYAGUCHI-CHO",Japan,,,,
Homi Milano,01/22/2022,2022,http://www.bilbaomueble.com/,DM,GP SRL,,,http://www.creazioniartigiane.it,gpsrl2014@gmail.com,3274971775,0836801248,"OTRANTO (LE), VIA SAN FRANCESCO DI PAOLA 13",Italy,,,,
Homi Milano,01/22/2022,2022,http://www.bilbaomueble.com/,DM,GIULIANI GIOVANNI,E22,2P,http://www.serafini-frames.it,giovanni@serafini-frames.it,0039 0583 505232,,"BAGNI DI LUCCA (LU), VIA MARCONI 6 8",Italy,,,,
Homi Milano,01/22/2022,2022,http://www.bilbaomueble.com/,DM,GIOVE ITALIA SRL,,,http://www.fuochijupiter.it,gioveitalia@fuochijupiter.it,0039 0761 360833,0039 0761 360696,"POMEZIA (RM), VIA CATILINA 1",Italy,,,,
Homi Milano,01/22/2022,2022,http://www.bilbaomueble.com/,DM,GIOVACCHINO BARNI SRL,K20,2P,http://www.giovacchinobarni.it,info@giovacchinobarni.it,0039 057262003,0039 0572617535,"MONSUMMANO TERME (PT), VIA FRANCESCA UGGIA 402",Italy,,,,
Homi Milano,01/22/2022,2022,http://www.bilbaomueble.com/,DM,GIOCOPLAST NATALE SPA,,,http://www.giocoplast.it,info@giocoplastnatale.it,0039 059 8170511,059819252,"MILANO (MI), VIA GIOBERTI 1",Italy,,,,
Homi Milano,01/22/2022,2022,http://www.bilbaomueble.com/,DM,GIFT COMPANY ITALY SRL,M09 N10,2P,http://www.giftcompany.it,info@giftcompany.it,0039 051 531893,0039 051 6028088,"SAN LAZZARO DI SAVENA (BO), VIA SPERANZA 11 13 15",Italy,,,,
Homi Milano,01/22/2022,2022,http://www.bilbaomueble.com/,DM,GESCO TRADING SRL,P01 R02,3P,www.besmart.com,luca@gescocis.com,0039 081 5108372,0039 081 5109040,"NOLA (NA), INTERPORTO CAMPANO LOTTO D 219-222",Italy,,,,
Homi Milano,01/22/2022,2022,http://www.bilbaomueble.com/,DM,GESCO TRADING SRL,,,www.besmart.com,luca@gescocis.com,0039 081 5108372,0039 081 5109040,"NOLA (NA), INTERPORTO CAMPANO LOTTO D 219-222",Italy,,,,
Homi Milano,01/22/2022,2022,http://www.bilbaomueble.com/,DM,GERIMPORT SL,A02 A20 E01 E19,6P,http://www.gerimport.com,gerimport@gerimport.com,0034 968601560,0034 968601555,"BENIEL (-), COMUNIDAD DE MADRID 31",Spain,,,,
Homi Milano,01/22/2022,2022,http://www.bilbaomueble.com/,DM,LIVELLARA SRL,E02,2P,http://www.livellara.com,emanuela@livellara.it,0039 02 39322741,0239311600,"MILANO (MI), VIA BOVISASCA 59",Italy,,,,
Homi Milano,01/22/2022,2022,http://www.bilbaomueble.com/,DM,LIT GAS LIGHTER COLLECTION SRL,E27,4P,http://www.litgas.it,info@litgas.it,0039 030 2148091,0039 030 2148081,"CASTEGNATO (BS), VIA MUTILATI E INVALIDI DEL LAVORO 5/B",Italy,,,,
Homi Milano,01/22/2022,2022,http://www.bilbaomueble.com/,DM,LES JARDINS DE LA COMTESSE,,,,info@mainocarlo.it,0039 02 6686294,,"SEVRES, 28 BIS RUE DES FONTAINES",France,,,,
Homi Milano,01/22/2022,2022,http://www.bilbaomueble.com/,DM,LE STELLE IMPORT SRL,,,http://www.lestellesrl.it,info@lestellesrl.it,0039 081 5845009,0039 081 5846103,"NAPOLI (NA), PIAZZETTA MATILDE SERAO 19",Italy,,,,
Homi Milano,01/22/2022,2022,http://www.bilbaomueble.com/,DM,LAZZAROTTO SOUVENIRS SAS di LAZZAROTTO FEDERICA &,,,http://www.lazzarotto-souvenirs.it/,info@lazzarotto-souvenirs.it,0471914384,0471202758,"BOLZANO (BZ), VIA WERNER VON SIEMENS 16",Italy,,,,
Homi Milano,01/22/2022,2022,http://www.bilbaomueble.com/,DM,LAMPA SPA,,,http://www.lampa.it,info@lampa.it,0039 0375 820700,0039 0375 820840,"VIADANA (MN), VIA GUIDO ROSSA 53/55",Italy,,,,
Homi Milano,01/22/2022,2022,http://www.bilbaomueble.com/,DM,LAMART SRL,"B11 B19 C12 C20, C11",2P,http://www.lamart.it,w.montagna@lamart.it,0039 011 6408280,0039 011 6406922,"MONCALIERI (TO), VIA JUGLARIS 8",Italy,,,,
Homi Milano,01/22/2022,2022,http://www.bilbaomueble.com/,DM,L'OMBRA DELLE IDEE - Erio Provino,H09,1P,http://www.ombradelleidee.it,erio@ombradelleidee.it,0039 335 5419887,0039 019 489226,"ALBISSOLA MARINA (SV), VIA DELLE INDUSTRIE 226/P",Italy,,,,
Homi Milano,01/22/2022,2022,http://www.bilbaomueble.com/,DM,L'OCA NERA SRL,K09 L10,2P,http://www.locanera.it,locanera@locanera.it,0039 0733 290050,0039 0733 290051,"MONTECASSIANO (MC), VIA UGO FOSCOLO 7",Italy,,,,
Homi Milano,01/22/2022,2022,http://www.bilbaomueble.com/,DM,L.C.P.L.A. SRL,,,http://www.wallycosmetici.com,info@wally1925.com,0039 0574 652717,,"MONTEMURLO (PO), VIA ANDREA DELLA ROBBIA 21",Italy,,,,
Homi Milano,01/22/2022,2022,http://www.bilbaomueble.com/,DM,KIKKERLAND EUROPE BV,N17,2P,http://www.kikkerland.com,italy@kikkerland.com,00390399081281,0031108200999,"ROTTERDAM (-), PO BOX 30240",Netherlands,,,,
Homi Milano,01/22/2022,2022,http://www.bilbaomueble.com/,DM,JUTE & CO. ITALIA SRL,,,http://www.juteco.it,info@juteco.it,0039 0523949606,0039 0523986272,"FIORENZUOLA D'ARDA (PC), VIA RISORGIMENTO 9",Italy,,,,
Homi Milano,01/22/2022,2022,http://www.bilbaomueble.com/,DM,JORDAN,G40 H39,6P,www.jordancasa.com,amministrazione@stargroupsrl.it,0039 081 8261536,,"MILANO (MI), PIAZZA IV NOVEMBRE 4",Italy,,,,
Homi Milano,01/22/2022,2022,http://www.bilbaomueble.com/,DM,ITALIAN DECOR SRL,,,http://www.glassitaliandecor.com,info@glassitaliandecor.com,0039 081 7303102,0039 081 7367477,"ARZANO (NA), VIA DON SEBASTIANO DE ROSA 19/BIS",Italy,,,,
Homi Milano,01/22/2022,2022,http://www.bilbaomueble.com/,DM,INNOVA SAS di Lavezzari Alessandro e C.,D01 E02,1P,http://www.innovaliving.it,m.lavezzari@innovaliving.it,0362543048,0362576796,"VAREDO (MB), VIA STELVIO 28/30",Italy,,,,
Homi Milano,01/22/2022,2022,http://www.bilbaomueble.com/,DM,MODIGLIANI ID SRL,F17 G20,2P,http://www.modigliani.it,info@modigliani.it,0039 06 6781715,0039 06 6798257,"ROMA (RM), VIA DELLE CARROZZE 3",Italy,,,,
Homi Milano,01/22/2022,2022,http://www.bilbaomueble.com/,DM,MIRHO' SRL,,,http://www.mirho.com,info@mirho.com,0039041440025,,"NOALE (VE), VIA PACINOTTI 30/E",Italy,,,,
Homi Milano,01/22/2022,2022,http://www.bilbaomueble.com/,DM,MICROPLANE INTERNATIONAL GmbH & Co.KG,E11,4P,http://www.microplaneintl.com,info@microplaneintl.com,0049 40 89702860,,"HAMBURG, SCHNACKENBURGALLEE 41D",Germany,,,,
Homi Milano,01/22/2022,2022,http://www.bilbaomueble.com/,DM,MEPRA S.P.A.,F09 G10,2P,http://www.mepra.it,mepra@mepra.it,0039 030 8921441,0039 030 8925075,"LUMEZZANE (BS), VIA VIRGILIO MONTINI 176",Italy,,,,
Homi Milano,01/22/2022,2022,http://www.bilbaomueble.com/,DM,MERCATI SRL - WD LIFESTYLE,P07 R10,2P,www.wdlifestyle.it,info@mercatisrl.it,0039 0461 701179,0039 0461 708570,"LEVICO TERME (TN), VIALE BELVEDERE 55",Italy,,,,
Homi Milano,01/22/2022,2022,http://www.bilbaomueble.com/,DM,MELU' di Picardi Filomena,,,http://www.melupastori.com,melu.pastori@virgilio.it,0039 081 7427610,0039 081 7427610,"MARANO (NA), CORSO UMBERTO I 34",Italy,,,,
Homi Milano,01/22/2022,2022,http://www.bilbaomueble.com/,DM,MAZZEO SRL,N01 P02,3P,http://www.mazzeosrl.com,amministrazione@mazzeogiocattoli.it,0039 0882 333244,,"SAN SEVERO (FG), VIA FOGGIA KM 0,500",Italy,,,,
Homi Milano,01/22/2022,2022,http://www.bilbaomueble.com/,DM,MAXIM BOLZANO SRL,,,http://maximbolzano.com,servizioclienti@maximbolzano.com,0039 0471 912333,0039 0471 503693,"LAIVES (BZ), VIA A. OLIVETTI 4",Italy,,,,
Homi Milano,01/22/2022,2022,http://www.bilbaomueble.com/,DM,MAURO FERRETTI SRL,F01 G02,1P,http://www.mauroferretti.it,info@mauroferretti.it,0039 0761 948258,0039 0761 949071,"CASTIGLIONE IN TEVERINA (VT), STRADA DELL'ARTIGIANATO 9",Italy,,,,
Homi Milano,01/22/2022,2022,http://www.bilbaomueble.com/,DM,MASCAGNI CASA SRL,"N02, L01 L09 M02 M10",2P,http://www.mascagnicasa.it,davide.cervellati@mascagnicasa.it,0516111614,0516111609,"CASALECCHIO DI RENO (BO), VIA PORRETTANA 383",Italy,,,,
Homi Milano,01/22/2022,2022,http://www.bilbaomueble.com/,DM,MARSC SRLS,,,www.logevy.com,accounting@marsc.it,0039 055 0107301,,"FIRENZE (FI), VIA GIUSEPPE LA FARINA 47",Italy,,,,
Homi Milano,01/22/2022,2022,http://www.bilbaomueble.com/,DM,MARCATO SRL,A11 B10,4P,http://www.marcato.it,marketing@marcato.it,0499200988,0499200970,"CAMPODARSEGO (PD), VIA ROSSIGNOLO 12",Italy,,,,
Homi Milano,01/22/2022,2022,http://www.bilbaomueble.com/,DM,MALI' SRL,,,www.maliziashop.it,simona@maliziacompany.com,0039 0984 401058,,"RENDE (CS), VIA MARCONI 38",Italy,,,,
Homi Milano,01/22/2022,2022,http://www.bilbaomueble.com/,DM,MAIUGUALI SRL,,,http://www.maiuguali.it,amministrazione@maiuguali.it,0039 055 621810,0039 055 621817,"BAGNO A RIPOLI (FI), VIA DELL'ANTELLA 70/A",Italy,,,,
Homi Milano,01/22/2022,2022,http://www.bilbaomueble.com/,DM,MAINO CARLO SRL,C01 C09 D02 D10,2P,http://www.mainocarlo.it,romano.maino@mainocarlo.it,0039 335 251287,,"MILANO (MI), VIA G.PIAZZI 1",Italy,,,,
Homi Milano,01/22/2022,2022,http://www.bilbaomueble.com/,DM,OLYMPIA SRL,,,http://www.olympiait.it,info@olympiaguss.it,0039 030 8971864,0039 030 8976000,"LUMEZZANE (BS), VIA S. ANTONIO 25/27",Italy,,,,
Homi Milano,01/22/2022,2022,http://www.bilbaomueble.com/,DM,OLIVO SNC DI OLIVO FRANCESCO,M21 N16,4P,http://www.olivotappeti.com,comunicazione@pec.olivotappeti.com,0495957551,0499439154,"CARMIGNANO DI BRENTA (PD), VIA OSPITALE 36",Italy,,,,
Homi Milano,01/22/2022,2022,http://www.bilbaomueble.com/,DM,OLIPHANTE di Daniela Murer & C. SNC,,,http://www.oliphante.it/,gfioretta@oliphante.eu,0039 02 90843316,0039 02 90843851,"VIGANO C.NO GAGGIANO (MI), VIA DELL'ARTIGIANATO 40",Italy,,,,
Homi Milano,01/22/2022,2022,http://www.bilbaomueble.com/,DM,LINEASETTE SAS,,,http://www.lineasette.com,info@lineasette.com,0039 042475487,0039 0424470369,"MAROSTICA (VI), VIA LUCA DELLA ROBBIA 2",Italy,,,,
Homi Milano,01/22/2022,2022,http://www.bilbaomueble.com/,DM,OLIBO' SRL,,,http://www.olibo.com,davide.olibo@olibo.it,0039 0375 781343,0039 0375 780842,"VIADANA (MN), VIA CADUTI SUL LAVORO 20",Italy,,,,
Homi Milano,01/22/2022,2022,http://www.bilbaomueble.com/,DM,OFFICINA DEL SOGNO SRLS,,,www.officinadelsogno.com,info@officinadelsogno.com,0039 075 982409,,"TORGIANO (PG), VIA BUFALORO 19 F",Italy,,,,
Homi Milano,01/22/2022,2022,http://www.bilbaomueble.com/,DM,ODG SRL,,,http://www.officinadeigiochi.com/,info@officinadeigiochi.com,0039 044 5361574,0039 044 5369936,"VICENZA (VI), CONTRA' DELLE CANOVE  9",Italy,,,,
Homi Milano,01/22/2022,2022,http://www.bilbaomueble.com/,DM,NYDEL,,,www.nydel-france.it,info@mainocarlo.it,0039 02 6686294,,"CAMBRAI, 70 RUE DE DONAI",France,,,,
Homi Milano,01/22/2022,2022,http://www.bilbaomueble.com/,DM,NUVOLE DI STOFFA,H01 K02,3P,http://www.nuvoledi stoffa.it,info@nuvoledistoffa.it,0039 049 9004475,0039 049 5915587,"PADOVA (PD), VIA PIOVEGHETTO 12",Italy,,,,
Homi Milano,01/22/2022,2022,http://www.bilbaomueble.com/,DM,NUOVO CENTRO CASALINGHI SRL,,,http://www.centrocasalinghi.com,vincenzodicastri@centrocasalinghi.com,0831819884,0831819885,"FRANCAVILLA FONTANA (BR), VIA CAPITANO DI CASTRI 56",Italy,,,,
Homi Milano,01/22/2022,2022,http://www.bilbaomueble.com/,DM,NUOVA COLI' SRL,C29,4P,http://www.nuovacoli.it,info@nuovacoli.it,0039 0836 545079,,"CUTROFIANO (LE), S.P. 49 CUTROFIANO-CORIGLIANO D'OTRANTO (Z.I.)",Italy,,,,
Homi Milano,01/22/2022,2022,http://www.bilbaomueble.com/,DM,NOVITA' IMPORT SRL,"C01 D02, B01 C02",3P,http://www.novitahome.com,amministrazione@novita-import.it,0039 055 8969219,0039 055 8969218,"CAMPI BISENZIO (FI), VIA F.LLI CERVI 57",Italy,,,,
Homi Milano,01/22/2022,2022,http://www.bilbaomueble.com/,DM,NOI SRL,C21 D12,4P,http://www.mopita.it,info@mopita.it,0307704824,0307249225,"ROVATO (BS), VIA ROMA 2/1-2/2",Italy,,,,
Homi Milano,01/22/2022,2022,http://www.bilbaomueble.com/,DM,MYLUNA SRL,,,http://www.ladyvenezia.com,info@mylunasrl.com,0039 0444 240830,,"BOLZANO VICENTINO (VI), VIA VOLTA 2",Italy,,,,
Homi Milano,01/22/2022,2022,http://www.bilbaomueble.com/,DM,MP ITALIA srl,E22 F21,6P,www.madridpapel.com,adminitalia@mapel.com,0039 390 39636,,"ARCORE (MI), VIA ALCIDE DE GASPERI 46",Italy,,,,
Homi Milano,01/22/2022,2022,http://www.bilbaomueble.com/,DM,MORONI GOMMA SRL,N11 P14,2P,http://www.moronigomma.it,info@moronigomma.it,0039 02 796220,0039 02 76000930,"MILANO (MI), VIA DELLA MOSCOVA 40",Italy,,,,
Homi Milano,01/22/2022,2022,http://www.bilbaomueble.com/,DM,PROMORF DIFFUSION,D19 E20,3P,http://www.aulica.fr,alessio@cdbranding.it,0039 347 2826964,,"AUBAGNE, 207 RUE DE LENCHE",France,,,,
Homi Milano,01/22/2022,2022,http://www.bilbaomueble.com/,DM,PROFUMIA GROUP,,,www.profumiagroup.com,info@profumiagroup.com,351 5966933,,"Milano (MI), 80 Viale Monte Nero",Italy,,,,
Homi Milano,01/22/2022,2022,http://www.bilbaomueble.com/,DM,PRODIA INC,,,https://rainbowstick777.com/,prodia@sky.bbexcite.jp,,,"KIRYU (GUNMA), 1-2-24 TUTUMICHO",Japan,,,,
Homi Milano,01/22/2022,2022,http://www.bilbaomueble.com/,DM,PROACQUA GROUP SRL,M19,2P,www.proacquagroup.com,info@proacqua.it,00390464425222,,"ROVERETO (TN), VIA DEL GARDA  44",Italy,,,,
Homi Milano,01/22/2022,2022,http://www.bilbaomueble.com/,DM,PREQU' ITALIA SRL,,,http://www.prequitalia.it,info@prequitalia.it,0039 055 8070081,0039 055 8070082,"BARBERINO TAVARNELLE (FI), VIA LEONARDO DA VINCI 8",Italy,,,,
Homi Milano,01/22/2022,2022,http://www.bilbaomueble.com/,DM,POWELL CRAFT LTD,,,http://www.powellcraft.com,,00441273622023,00441273622024,"BRIGHTON EAST SUSSEX, 102 TRAFALGAR STREET",United Kingdom,,,,
Homi Milano,01/22/2022,2022,http://www.bilbaomueble.com/,DM,PLASTIKEN SLU,,,https://www.plastiken.com/,info@plastiken.com,,,"PALOMAR, Avda. de Valencia, 3",Spain,,,,
Homi Milano,01/22/2022,2022,http://www.bilbaomueble.com/,DM,"PLASTDIVERSITY, LDA",,,www.plastdiversity.com,geral@plastdiversity.com,00351 961701585,,"MARINHA DAS ONDAS, RUA DOS ALENTOJEIROS N136 AP4",Portugal,,,,
Homi Milano,01/22/2022,2022,http://www.bilbaomueble.com/,DM,PLANTUI ITALIA di Stefano Ghesini,,,http://www.plantui-italia.it,info@plantui-italia.it,0039 0522 1481663,,"REGGIO EMILIA (RE), VIA GIAN BATTISTA ISACCHI 4",Italy,,,,
Homi Milano,01/22/2022,2022,http://www.bilbaomueble.com/,DM,PIU' FORTY SRL,R11,2P,http://www.piuforty.com,info@piuforty.com,0574968599,,"PRATO (PO), VIALE VITTORIO VENETO 60",Italy,,,,
Homi Milano,01/22/2022,2022,http://www.bilbaomueble.com/,DM,PETRI FIRENZE di Simone Petri,,,http://www.petrifirenze.com,info@petrifirenze.com,0039 055 8217855,0039 055 8217855,"SAN CASCIANO VAL DI PESA (FI), VIA CARLO LEVI 18",Italy,,,,
Homi Milano,01/22/2022,2022,http://www.bilbaomueble.com/,DM,PESCARISSI ART DECO' - FIRENZE,,,http://www.pescarissiartdeco.it,info@pescarissiartdeco.it,0039 055 757199,0039 055 757199,"SCANDICCI (FI), VIA DEI PRATONI 7",Italy,,,,
Homi Milano,01/22/2022,2022,http://www.bilbaomueble.com/,DM,PEDRINI PPL SPA,C11 D10,4P,http://www.pedrini.com,info@pedrini.com,0302185305,0302754039,"RONCADELLE (BS), VIA EZIO FERRARI 16",Italy,,,,
Homi Milano,01/22/2022,2022,http://www.bilbaomueble.com/,DM,PARKWOOD SPRINGS,,,www.parkwood-springs.com,info@parkwood-springs.com,0044 114 6980120,,"SHEFFIELD, 189  191 RUTLAND ROAD",United Kingdom,,,,
Homi Milano,01/22/2022,2022,http://www.bilbaomueble.com/,DM,"PANTHEM CO.,LTD",,,https://pampshade.com/,yukiko.m@panthem.jp,+8178 5997480,,"KOBE (HYGO), NISHITAMONDORI,HYGO-KU 1-3-6-1F",Japan,,,,
Homi Milano,01/22/2022,2022,http://www.bilbaomueble.com/,DM,ORCHIDEA S.R.L.,B03 C04,1P,http://www.orchideamilano.it,orchideamilano.paolo@gmail.com,0039 02 45867338,0039 02 45867378,"CORSICO (MI), VIA LEONARDO DA VINCI, 32",Italy,,,,
Homi Milano,01/22/2022,2022,http://www.bilbaomueble.com/,DM,SOBEL SAS,,,http://www.sobel.it,info@sobel.it,0039 0172 471003,0039 0172 471914,"CERVERE (CN), VIA FOSSANO 37",Italy,,,,
Homi Milano,01/22/2022,2022,http://www.bilbaomueble.com/,DM,SILKOW DI MARTINA PIGNAFFO,,,www.silkow.com,info@silkow.com,3494047282,,"TREBASELEGHE (PD), VIA MONTELLO 55",Italy,,,,
Homi Milano,01/22/2022,2022,http://www.bilbaomueble.com/,DM,SHIOZAWA ARTCRAFT LTD,,,https://www.shiozawa.jp/,info@shiozawa.jp,+81265486047,,"TAKAMORI (NAGARO), YAMABUKI, 977",Japan,,,,
Homi Milano,01/22/2022,2022,http://www.bilbaomueble.com/,DM,"SHINTO TOWEL CO.,LTD",,,https://shinto-towel.jp/,takashi@shinto-towel.jp,+81724680777,,"IZAMI SANO (OSAKA), HINENO, 2577-1",Japan,,,,
Homi Milano,01/22/2022,2022,http://www.bilbaomueble.com/,DM,"SHIMADA SEISAKUSHO CO., LTD",,,https://k-shimada-ss.com/english/,info@k-shimada-ss.com,+81273225526,,"TAKASAKI (GUNMA), FUTABA-CHO 11-17",Japan,,,,
Homi Milano,01/22/2022,2022,http://www.bilbaomueble.com/,DM,"SHIMA SANGYO CO.,LTD",,,https://www.parisparis.jp/en/,kurumi@shimasangyo.co.jp,+81 875-63-8701,,"KANONJI (KAGAWA), NAKATAI-TOWN 1",Japan,,,,
Homi Milano,01/22/2022,2022,http://www.bilbaomueble.com/,DM,SHANG ZHAN SRL,,,WWW.SHANGZHAN-CONSULTANT.COM,szconsulenza2021@gmail.com,0039 366 8735492,,"SAN FELICE SUL PANARO (MO), VIA DELLA REPUBBLICA 132",Italy,,,,
Homi Milano,01/22/2022,2022,http://www.bilbaomueble.com/,DM,SEVITEX SRL,,,www.sevitex.com,info@sevitex.com,0039 06 8121789,,"ROMA (RM), VIA DI VILLA SPADA 8",Italy,,,,
Homi Milano,01/22/2022,2022,http://www.bilbaomueble.com/,DM,SEI ROTA & C.  SRL,,,www.seirota.it,order@seirota.it,0039 02 95420161,,"LISCATE (MI), VIA MILANO 19/23",Italy,,,,
Homi Milano,01/22/2022,2022,http://www.bilbaomueble.com/,DM,ROYAL FAMILY SRL,A21 A29 B22 B30,2P,http://www.royalfamilysheffield.com,royal@royalfamily.it,0039 06 52169760,0039 06 52318603,"ROMA (RM), VIA DI SAPONARA 662",Italy,,,,
Homi Milano,01/22/2022,2022,http://www.bilbaomueble.com/,DM,ROSSI ROSA SRL,M11 N12,3P,http://www.rossirosa.com,info@rossirosa.com,0039 0771 736844,0039  0771 738177,"FORMIA (LT), VIALE DELLE INDUSTRIE 63",Italy,,,,
Homi Milano,01/22/2022,2022,http://www.bilbaomueble.com/,DM,ROSANGELA SIRIO,C21,2P,www.sirio.it,mrsiriolampedusa@gmail.com,0039 331 9838712,,"LAMPEDUSA (AG), VIA ROMA 63",Italy,,,,
Homi Milano,01/22/2022,2022,http://www.bilbaomueble.com/,DM,RHUTTEN SRL,,,http://www.rhutten.com,info@rhutten.com,0733903657,0733906180,"CALDAROLA (MC), VIA MARTIRI DI MONTALTO, 19",Italy,,,,
Homi Milano,01/22/2022,2022,http://www.bilbaomueble.com/,DM,RECA PLAST SRL,N25 P26,4P,www.recaplast.it,info@recaplast.it,0039 071 7231208,0039 071 716940,"OSIMO (AN), VIA DELL'ARTIGIANATO,15",Italy,,,,
Homi Milano,01/22/2022,2022,http://www.bilbaomueble.com/,DM,RBV BIRKMANN GMBH &amp;amp; CO.KG,F10,4P,http://www.birkmann.de,export@birkmann.de,00495201661690,,"HALLE, HEGELSTRASSE 15",Germany,,,,
Homi Milano,01/22/2022,2022,http://www.bilbaomueble.com/,DM,RASTELLI GIFT SRL,,,http://www.rastelligift.com,rastelligiftsrl@gmail.com,0549997656,0549997228,"FIORENTINO, VIA FOSSO DELLA RUPE 20  Z.A. MURATA",San Marino,,,,
Homi Milano,01/22/2022,2022,http://www.bilbaomueble.com/,DM,TOSCANA DESIGN SRL,D22,2P,www.toscana-design.com,info@toscana-design.com,0039 0575 550692,,"CASTEL SAN NICCOLO' (AR), VIA CS LA VILLA 35",Italy,,,,
Homi Milano,01/22/2022,2022,http://www.bilbaomueble.com/,DM,"TOMIOKA SHOTEN CO.,LTD",,,https://tomioka-shoten.co.jp/,kaba@tomioka-shoten.co.jp,+81187563239,,"DAISEN (AKITA), AZA-KUMANO, KAMI-UGUISUNO 71-3",Japan,,,,
Homi Milano,01/22/2022,2022,http://www.bilbaomueble.com/,DM,TIMSTOR NV,N21 R21,3P,http://www.timstor.com,info@timstor.com,003214673461,003214673462,"ARENDONK (-), HOGE MAUW 1040",Belgium,,,,
Homi Milano,01/22/2022,2022,http://www.bilbaomueble.com/,DM,THUN SPA,E11 F12,2P,https://www.thun.com/,daria.pusceddu@thun.it,0039 0471 245111,,"BOLZANO (BZ), VIA GALVANI 29",Italy,,,,
Homi Milano,01/22/2022,2022,http://www.bilbaomueble.com/,DM,Therapi,,,,therapistore@gmail.com,0039 340 2859433,,"ROMA (RM), VIA TANCREDI CARTELLA 37",Italy,,,,
Homi Milano,01/22/2022,2022,http://www.bilbaomueble.com/,DM,TESCOMA SPA,A21 B12,4P,http://www.tescoma.it,info@tescoma.it,0039 030 7751394,0039 0307756693,"CAZZAGO SAN MARTINO (BS), VIA TRAVERSA CADUTI DEL LAVORO 3",Italy,,,,
Homi Milano,01/22/2022,2022,http://www.bilbaomueble.com/,DM,TERRE DI SCIROCCO,L20,2P,http://www.terrediscirocco.it,info@terrediscirocco.it,0039 081 3419843,,"NAPOLI (NA), VIA CUPA SANT'ANIELLO 96",Italy,,,,
Homi Milano,01/22/2022,2022,http://www.bilbaomueble.com/,DM,TECNODIDATTICA SPA,,,https://www.tecnodidattica.com/,info@atmosphere-newworld.com,0552374651,,"SAN COLOMBANO CERTENOLI (GE), VIA GARIBALDI 67",Italy,,,,
Homi Milano,01/22/2022,2022,http://www.bilbaomueble.com/,DM,TE' PER DUE di Giorgio G. Soldi,,,http://www.teperdue.it,teperdue@tiscali.it,0039 335 5474341,0039 0372 30500,"PIEVE D'OLMI (CR), VIA TIDOLO 5",Italy,,,,
Homi Milano,01/22/2022,2022,http://www.bilbaomueble.com/,DM,Tanabe Corporation,,,https://www.tanabeco.com/,tessen@tanabeco.com,+810852611460,,"MATSUE (SHIMANE), YONAGO-MACHI 55",Japan,,,,
Homi Milano,01/22/2022,2022,http://www.bilbaomueble.com/,DM,TAITÙ Milano,D09 E10,2P,http://www.taitu.it/,taituitalia@taitu.it,0039 02 90780606,,"CORMANO (MI), VIALE BORROMEO 2",Italy,,,,
Homi Milano,01/22/2022,2022,http://www.bilbaomueble.com/,DM,"TAISEI CO., LTD.",,,https://www.taisei-shiki.jp/,info@taisei-shiki.jp,+81667830331,,"HIGASHIOSAKA (OSAKA), 1-3-2 TAKAIDANISHI",Japan,,,,
Homi Milano,01/22/2022,2022,http://www.bilbaomueble.com/,DM,SUD IMPORT di Parlati SRL,,,http://www.sudimport.it,parlati@sudimport.it,0817340881,0817340200,"NAPOLI (NA), VIA G. FERRARIS 140",Italy,,,,
Homi Milano,01/22/2022,2022,http://www.bilbaomueble.com/,DM,STOF S.A.,G20 H19,6P,http://www.stof.fr,info@stof.fr,0033 477 501352,0033 477 505231,"LA TOURETTE, Z.I. LA GRAVOUX BP 39",France,,,,
Homi Milano,01/22/2022,2022,http://www.bilbaomueble.com/,DM,"WESTY INDUSTRIES CO.,LTD",,,https://westy-industries.jp/,westys@titan.ocn.ne.jp,+81749422155,,"ECHI-GUN (SHIGA), ICHI AISHO-CHO 110",Japan,,,,
Homi Milano,01/22/2022,2022,http://www.bilbaomueble.com/,DM,WEISSESTAL HOME CONCEPTS SRL,A11 B12,2P,http://www.weissestal.it weissestal@legalmail.it,info@weissestal.it,0039 02 24416868,0039 02 22471722,"SESTO SAN GIOVANNI (MI), VIALE EDISON 61",Italy,,,,
Homi Milano,01/22/2022,2022,http://www.bilbaomueble.com/,DM,WD DISTRIBUZIONE ITALIA SRL,,,,info@wddistibuzioni.com,0039 335 1781547,,"NAPOLI (NA), CORSO NOVARA 10",Italy,,,,
Homi Milano,01/22/2022,2022,http://www.bilbaomueble.com/,DM,WALKING-STICKS SRL,,,http://www.walking-sticks.eu,info@walking-sticks.eu,0039 0434 640370,0039 0434 640362,"FIUME VENETO (PN), VIA ENRICO DA FIUME 25A",Italy,,,,
Homi Milano,01/22/2022,2022,http://www.bilbaomueble.com/,DM,VORWERK ITALIA SAS,,,https://folletto.vorwerk.it/,customercare@vorwerk.it,0039 02 334891,0039 02 33400634,"MILANO (MI), VIA LUDOVICO DI BREME 33",Italy,,,,
Homi Milano,01/22/2022,2022,http://www.bilbaomueble.com/,DM,VOLONTARI SRL,P11,2P,www.feellab.it,federica.passoni@feellab.it,0039 349 1514607,,"MILANO (MI), VIA VINCENZO VIVIANI 8",Italy,,,,
Homi Milano,01/22/2022,2022,http://www.bilbaomueble.com/,DM,VITAKRAFT ITALIA SPA,,,http://www.vitakraft.it,info@vitakraft.it,0039 0759 65601,0039 0759 656020,"CASTIGLIONE DEL LAGO (PG), VIA PIANA 4",Italy,,,,
Homi Milano,01/22/2022,2022,http://www.bilbaomueble.com/,DM,VIDIVI,,,http://www.cerve.it,cerve.casa@cerve.it,0039 0521 2786,0039 0521 278774,"PARMA (PR), VIA PARADIGNA 16/A",Italy,,,,
Homi Milano,01/22/2022,2022,http://www.bilbaomueble.com/,DM,VI.MA. di Zavoianni Martina,,,http://www.vimahomecollection.com,vima.commerciale@gmail.com,0039 080 9022824,0039 080 4677112,"CASAMASSIMA (BA), S.S. 100 KM. 17,500 C/O IL BARICENTRO LOTTO 13 MOD. 14",Italy,,,,
Homi Milano,01/22/2022,2022,http://www.bilbaomueble.com/,DM,VESTA SRL,K01 L02,2P,http://www.vesta-home.it,info@vestasrl.it,0717202227,0717201475,"CASTELFIDARDO (AN), VIA JESINA 56/A",Italy,,,,
Homi Milano,01/22/2022,2022,http://www.bilbaomueble.com/,DM,VERI' CHIARA,,,www.verywonder.com,chiaraveri@verywonder.com,3886123686,,"SAN VITO CHIETINO (CH), VIA PANORAMICA 14A",Italy,,,,
Homi Milano,01/22/2022,2022,http://www.bilbaomueble.com/,DM,VECA SPA,M13 N12,4P,http://www.vecaspa.com,info@vecaspa.com,0444790328,0444790378,"ALBETTONE (VI), VIA DELL'ARTIGIANATO, 8",Italy,,,,
Homi Milano,01/22/2022,2022,http://www.bilbaomueble.com/,DM,VECA SPA,D01,2P,http://www.vecaspa.com,info@vecaspa.com,0444790328,0444790378,"ALBETTONE (VI), VIA DELL'ARTIGIANATO, 8",Italy,,,,
Homi Milano,01/22/2022,2022,http://www.bilbaomueble.com/,DM,VANNI PRATESI ROGAI SNC di Rogai Leonardo e C.,G24,2P,www.vprfirenze.it,info@vprfirenze.it,0039 055 7310527,0039 055 9900142,"SCANDICCI (FI), VIA STAGNACCIO BASSO 30/C",Italy,,,,
Homi Milano,01/22/2022,2022,http://www.bilbaomueble.com/,DM,USE FAMILY SL,P27 R26,4P,www.use-family.com,admon@use-family.com,0034 961 201051,,"SILLA, AV. JAIME I 84",Spain,,,,
Homi Milano,01/22/2022,2022,http://www.bilbaomueble.com/,DM,"ZOOM-T.,LTD",,,https://betta.jp/,support@betta.co.jp,+81334865300,,"MINATO-KU (TOKYO), MINAMI-AOYAMA 5-6-10",Japan,,,,
Homi Milano,01/22/2022,2022,http://www.bilbaomueble.com/,DM,ZASEVES di Zanetti Severino SRLS,F26,4P,http://www.zaseves.com,info@zaseves.com,0039 030 8970555,,"LUMEZZANE (BS), VIA G. PASCOLI 35B",Italy,,,,
Homi Milano,01/22/2022,2022,http://www.bilbaomueble.com/,DM,ZANCONI SRL,,,http://www.zanconi.it,info@zanconi.it,0039 0733 616256,0039 0733 616803,"CINGOLI (MC), VIA PERGOLESI SCN",Italy,,,,
Homi Milano,01/22/2022,2022,http://www.bilbaomueble.com/,DM,ZAMBIASI COMMERCIALE SRL,B32 B40 C31 C39,6P,http://www.zambiasi.com,federica.spinelli@zambiasi.com,0039 0461 246792,0039 0461 1739373,"LAVIS (TN), VIA G. DI VITTORIO 56/58",Italy,,,,
Homi Milano,01/22/2022,2022,http://www.bilbaomueble.com/,DM,ZAFFERANO S.R.L.,B01 C02,2P,http://www.zafferanoitalia.com,info@zafferanoitalia.com,0039 0422 470344,0039 0422 470400,"QUINTO DI TREVISO (TV), VIALE DELL'INDUSTRIA 26",Italy,,,,
Homi Milano,01/22/2022,2022,http://www.bilbaomueble.com/,DM,YAMAMOTO FARM CORPORATION,,,https://www.yamamotofarm.co.jp/en/,info@yamamotofarm.co.jp,+81274634566,,"TOMIOKA CITY (GUNMA), ICHINOMIYA 1447",Japan,,,,
Homi Milano,01/22/2022,2022,http://www.bilbaomueble.com/,DM,"YAMADA SEN-I CO.,LTD",,,https://www.musubi-furoshiki.com/,musubi-b@ymds.co.jp,+8175250123,,"KYOTO (KYOTO), NIJO MINAMI IRU KASHIRAI-CHO 18",Japan,,,,
Homi Milano,01/22/2022,2022,http://www.bilbaomueble.com/,DM,YALOS MURANO SRL,,,,estero@yalosmurano.it,,,"TREVISO (TV), VIA MARZABOTTO 5",Italy,,,,
Homi Milano,01/22/2022,2022,http://www.bilbaomueble.com/,DM,TESSUTO ARTISTICO UMBRO di Valecchi Emanuela,,,http://www.tessutoartisticomontefalco.com,tau-montefalco1@libero.it,0039 0742 378919,0039 0742 378919,"MONTEFALCO (PG), CORSO MAMELI 8",Italy,,,,
Homi Milano,01/22/2022,2022,http://www.bilbaomueble.com/,DM,"Y.S.M CO.,LTD",,,https://www.ysm-products.jp/,info@k-ysm.co.jp,+81489983610,,"YASHIO (SAITAMA), 2 CHOME 342-1",Japan,,,,
Homi Milano,01/22/2022,2022,http://www.bilbaomueble.com/,DM,WOSDE,G15 H12,4P,http://www.wosde.it,info@wosde.it,+39 05721976714,,"PESCIA (PT), VIA LUCCHESE 22",Italy,,,,
Homi Milano,01/22/2022,2022,http://www.bilbaomueble.com/,DM,Wiebe Textil GmbH & Co. KG,,,www.cuttingbrothers.de,wiebe.textil@gmx.de,0049 91 5233959387,,"BIELEFELD, APFELSTRASSE 245",Germany,,,,
Homi Milano,01/22/2022,2022,http://www.bilbaomueble.com/,DM,UNO S.R.L.,C11 D12,1P,www.unocasadesign.it,commerciale@unocasa.net,0039 02 33501937,,"MILANO (MI), VIA NERINO, 8",Italy,,,,
Homi Milano,01/22/2022,2022,http://www.bilbaomueble.com/,DM,U. BORGONOVO SRL,,,http://www.uborgonovo.com,ubfireworks@uborgonovo.com,0039029543991,,"INZAGO (MI), LOCALITA' CASCINA DRAGA, SNC",Italy,,,,
Homi Milano,01/22/2022,2022,http://www.bilbaomueble.com/,DM,TRIAD INC,,,https://www.triad-japan.com/,info@triad-japan.com,+81664735800,,"OSAKA (OSAKA), MITEJIMA, NISHIYODOGAWAKU 2-18-25",Japan,,,,
Homi Milano,01/22/2022,2022,http://www.bilbaomueble.com/,DM,TRANQUILLO GmbH,H01,1P,http://www.tranquillo-shop.de,fbarbero@tranquillo-shop.de,,,"DRESDEN (-), Marta-Fraenkel Str. 1",Germany,,,,
Homi Milano,01/22/2022,2022,http://www.bilbaomueble.com/,DM,"TOYO STEEL CO.,LTD",,,https://www.toyosteel.jp/,otoiawase@toyosteel.jp,+81729643182,,"HIGASHI OSAKA (OSAKA), KANOU 4-8-13",Japan,,,,
Homi Milano,01/22/2022,2022,http://www.bilbaomueble.com/,DM,STILE NORDICO SRL,G01 H02,1P,http://www.stilenordico.it,info@stilenordico.it,0039 049 9471851,0039 049 9479960,"TOMBOLO (PD), VIA PERARO 55",Italy,,,,
Homi Milano,01/22/2022,2022,http://www.bilbaomueble.com/,DM,STELTON A/S,,,http://www.stelton.com,,0045 396 230552,,"KOBENHAVN, CHRISTIANSHAVNS KANAL 4",Denmark,,,,
Homi Milano,01/22/2022,2022,http://www.bilbaomueble.com/,DM,STAR FLOWERS IMPORT SRL,,,http://www.starflowers.it,commerciale@starflowers.it,0039 049 9450032,,"SAN GIORGIO IN BOSCO (PD), VIA BUONARROTI 21",Italy,,,,
Homi Milano,01/22/2022,2022,http://www.bilbaomueble.com/,DM,SOFIA LA MAIOLICA CALATINA SNC,,,http://www.ceramichesofia.it,info@ceramichesofia.it,0039 0933 31657,093331657,"CALTAGIRONE (CT), VIA BALCHINO 16 BIS",Italy,,,,
Homi Milano,01/22/2022,2022,http://www.bilbaomueble.com/,DM,QUYCUP,M12,2P,https://quycup.com/,sales@quycup.com,0039 0559365526,,"FIRENZE (FI), VIA LORENZO IL MAGNIFICO, 48",Italy,,,,
Homi Milano,01/22/2022,2022,http://www.bilbaomueble.com/,DM,QD SRL,,,www.saveb2b.com,info@saveb2b.com,0039 02 25135561,,"MILANO (MI), VIA CORRADINO  D'ASCANIO  4",Italy,,,,
Homi Milano,01/22/2022,2022,http://www.bilbaomueble.com/,DM,PUCKATOR SRL,,,http://www.puckator.it,amministrazione@puckator.it,0039 011 280406,,"ASTI (AT), VIA COMENTINA 38",Italy,,,,
Homi Milano,01/22/2022,2022,http://www.bilbaomueble.com/,DM,PURA SICILIA DI FRANCESCO COLETTA SRL,,,,coletta.segreteria@gmail.com,0039 347 5522284,,"NOTO (SR), VIA CAVALIERI DI VITTORIO VENETO 10",Italy,,,,
Homi Milano,01/22/2022,2022,http://www.bilbaomueble.com/,DM,OPINEL,,,http://www.opinel.com,info@mainocarlo.it,0039 02 6686294,,"CHAMBERY, 508 BOULEVARD HENRY BORDEAUX",France,,,,
Homi Milano,01/22/2022,2022,http://www.bilbaomueble.com/,DM,OPIFICIO DEI SOGNI,D09 E10,1P,http://www.opificiodeisogni.it,info@davidhome.it,0039 0573 717128,0039 0573 717679,"QUARRATA (PT), VIA DELLE MELOCCHE 46",Italy,,,,
Homi Milano,01/22/2022,2022,http://www.bilbaomueble.com/,DM,"ONOSENSAISHO,LTD",,,https://ebisuyaonosen.wixsite.com/website-3,ebisuya_ono_sen@yahoo.co.jp,+81 196524116,,"MORIOKA (IWATE), ZAIMOKUCHO 10-16",Japan,,,,
Homi Milano,01/22/2022,2022,http://www.bilbaomueble.com/,DM,OMS DEI F.LLI MAINA SPA,F27,4P,https://www.omsbesser.com/,oms@omsbesser.com,0039 02 959311,,"VIGNATE (MI), S.P. RIVOLTANA 46/48",Italy,,,,
Homi Milano,01/22/2022,2022,http://www.bilbaomueble.com/,DM,MOONLIGHT SRL,,,www.moonlightitalia.it,info@moonlightitalia.it,0039 081 5730183,,"NAPOLI (NA), VIA V TRAVERSA LIMITONE DI ARZANO SNC",Italy,,,,
Homi Milano,01/22/2022,2022,http://www.bilbaomueble.com/,DM,MOONLIGHT SRL,,,www.moonlightitalia.it,info@moonlightitalia.it,0039 081 5730183,,"NAPOLI (NA), VIA V TRAVERSA LIMITONE DI ARZANO SNC",Italy,,,,
Homi Milano,01/22/2022,2022,http://www.bilbaomueble.com/,DM,MONTINI GUERINO SRL,D29,4P,http://www.montiniguerino.it,info@montiniguerino.it,0039 0308901162,0039 0308901327,"VILLA CARCINA (BS), VIA DEL LAVORO 8",Italy,,,,
Homi Milano,01/22/2022,2022,http://www.bilbaomueble.com/,DM,MONTEMAGGI SRL,D01 E02,3P,http://www.montemaggi.net,montemaggi@montemaggi.net,0039 055 8734585,0039 055 8732037,"SIGNA (FI), VIA S. ALLENDE 21",Italy,,,,
Homi Milano,01/22/2022,2022,http://www.bilbaomueble.com/,DM,MOIRA SPEROLINI,,,www.moirasperolini.com,moira.sperolini@live.it,0039 3711738493,,"LOVERE (BG), VIA SAN FRANCESCO 23",Italy,,,,
Homi Milano,01/22/2022,2022,http://www.bilbaomueble.com/,DM,MAGIMIX,,,www.magimix.it,info@mainocarlo.it,,,"VINCENNES, 48 RUE DES VIGNERONS",France,,,,
Homi Milano,01/22/2022,2022,http://www.bilbaomueble.com/,DM,LUCCARDA GIANFRANCO,,,http://www.luccarda.it,luccarda@luccarda.it,0444905523,0444905417,"CALDOGNO (VI), VIA ROMA 37",Italy,,,,
Homi Milano,01/22/2022,2022,http://www.bilbaomueble.com/,DM,LUBEX SPA,,,www.lubex.it,info@lubex.it,0039 02 2651551,,"VIMODRONE (MI), VIA G. DI VITTORIO 13 15",Italy,,,,
Homi Milano,01/22/2022,2022,http://www.bilbaomueble.com/,DM,LOWELL SRL,,,http://www.lowell.it,info@lowell.it,059450050,059450203,"MODENA (MO), VIA G. CASSIANI 173",Italy,,,,
Homi Milano,01/22/2022,2022,http://www.bilbaomueble.com/,DM,LOTTI IMPORTEX SRL,N11 P12,3P,http://www.lottiitaly.com,info@lottiitaly.com,00390386733876,00390386741090,"POGGIO RUSCO (MN), VIA ABETONE BRENNERO 149",Italy,,,,
Homi Milano,01/22/2022,2022,http://www.bilbaomueble.com/,DM,INDIA WORLD SRL,,,http://www.indiaworldstore.com,web@indiaworldstore.com,00378 0549 961232,00378 0549 954935,"DOMAGNANO, VIA 5 FEBBRAIO 136",San Marino,,,,
Homi Milano,01/22/2022,2022,http://www.bilbaomueble.com/,DM,"IMAI DARUMA NAYA CO., LTD",,,,shop@imai.shop-pro.jp,0081273235145,,"TAKASAKI (GUNMA), KAMITOYOOKAMACHI 78",Japan,,,,
Homi Milano,01/22/2022,2022,http://www.bilbaomueble.com/,DM,IL MONDO DEI CARILLON SRL,,,http://www.deicarillon.it,info@deicarillon.it,0039 0346 468198,0346468199,"APPIANO SULLA STRADA DEL VINO (BZ), VIA BOLZANO 63",Italy,,,,
Homi Milano,01/22/2022,2022,http://www.bilbaomueble.com/,DM,IL MAGGIOLINO SRL,,,http://www.ilmaggiolino.net,info@ilmaggiolino.net,00390305123165,030 5123164,"POMPIANO (BS), VIA BUONARROTI 41B",Italy,,,,
Homi Milano,01/22/2022,2022,http://www.bilbaomueble.com/,DM,GENESI GRUPPO EDITORIALE SRL,,,http://www.artegenesi.it,info@artegenesi.it,0039 075 8510366,0039 075 8519126,"CITTA' DI CASTELLO (PG), VIA ROSA LUXEMBURG 4 ZI",Italy,,,,
Homi Milano,01/22/2022,2022,http://www.bilbaomueble.com/,DM,GEMITEX SPA,M25 N26,4P,http://www.gemitex.it,info@gemitex.it,0039 0883 555269,0039 0883 559447,"ANDRIA (BT), VIA NICOLA BARBATO 2",Italy,,,,
Homi Milano,01/22/2022,2022,http://www.bilbaomueble.com/,DM,GEFU GMBH,E01 F02,4P,www.gefu.com,l.knoche@gefu.com,0049 2973971316,,"ESLOHE, BRAUKWEG 28",Germany,,,,
Homi Milano,01/22/2022,2022,http://www.bilbaomueble.com/,DM,GASTROLUX 2004 A/S,,,https:/ www.gastrolux.eu/,info@mainocarlo.it,0039 026686294,,"RYOMGARD, INDUSTRIVEJ 53",Denmark,,,,
Homi Milano,01/22/2022,2022,http://www.bilbaomueble.com/,DM,F.LLI CAMPAGNOLO SPA,,,http://www.maryplaid.it,campagnolo@campagnolo.it,0039 0424 515411,0039 0424 515470,"ROMANO D'EZZELINO (VI), VIA MERLO 2",Italy,,,,
Homi Milano,01/22/2022,2022,http://www.bilbaomueble.com/,DM,EVVIVA COMPANY SRL,D07 E02,4P,http://www.evviva-home.com,info@evvivaonline.com,0734900576,0734902003,"CASTELCUCCO (TV), VIA NUOVE INDUSTRIE 5",Italy,,,,
Homi Milano,01/22/2022,2022,http://www.bilbaomueble.com/,DM,EUROMARCHI SRL,,,http://www.euromarchi.it,info@euromarchi.it,0039 0583 8201,0039 0583 867895,"BAGNI DI LUCCA (LU), VIA LETIZIA 45/C",Italy,,,,
Homi Milano,01/22/2022,2022,http://www.bilbaomueble.com/,DM,EURSHOES GROUP SRL,,,www.jomixshoes.com,info@jomixshoes.com,0039 0775 1889061,,"ROMA (RM), VIA APPIA NUOVA 669",Italy,,,,
Homi Milano,01/22/2022,2022,http://www.bilbaomueble.com/,DM,DUE ESSE DISTRIBUZIONI SRL,,,http://www.grupposcatigna.com,m.antonietta@grupposcatigna.com,0039 080 4830111,0039 080 4830220,"MARTINA FRANCA (TA), VIA MOTTOLA KM 2,200 ZONA INDUSTRIALE",Italy,,,,
Homi Milano,01/22/2022,2022,http://www.bilbaomueble.com/,DM,DUE ESSE CHRISTMAS SRL,,,http://www.dueessechristmas.it,m.antonietta@grupposcatigna.com,0039 080 4830111,0039 080 4830220,"MARTINA FRANCA (TA), VIA MOTTOLA KM 2,200 ZONA INDUSTRIALE",Italy,,,,
Homi Milano,01/22/2022,2022,http://www.bilbaomueble.com/,DM,DOMUS HOMEWARE & FRAGRANCES di Robustelli Cristina,,,,ilbiancone2@tiscali.it,0039055224601,,"FIRENZE (FI), VIA ROMANA 120/ R",Italy,,,,
Homi Milano,01/22/2022,2022,http://www.bilbaomueble.com/,DM,DISTRIBUZIONE TESSILE SRL,,,,distribuzionetessileroma@gmail.com,0039 320 2327892,,"ROMA (RM), VIA CARCIANO 27",Italy,,,,
Homi Milano,01/22/2022,2022,http://www.bilbaomueble.com/,DM,DEOLAB SRL - HOROMIA,,,http://www.horomia.it,amministrazione@deolabsrl.it,0039 035 335401,,"GRASSOBBIO (BG), VIA ENRICO FERMI 12 14",Italy,,,,
Homi Milano,01/22/2022,2022,http://www.bilbaomueble.com/,DM,DEL DUCA MARIA TERESA,,,,,,,"LA SPEZIA (SP), VIA MARSALA 8",Italy,,,,
Homi Milano,01/22/2022,2022,http://www.bilbaomueble.com/,DM,COMPAGNIE DES PORCELAINES DE LIMOGES,,,www.roberthaviland.cparlon.com,sales@cplimoges.com,0033 619730713,0033 555047320,"LIMOGES CEDEX, 14 ANCIENNE ROUTE D'AIXE",France,,,,
Homi Milano,01/22/2022,2022,http://www.bilbaomueble.com/,DM,COMPAGNIA DEL VIAGGIO SRL,,,http://www.compagniadelviaggio.it,cdv@compagniadelviaggio.it,0039 055 318614,,"SESTO FIORENTINO (FI), VIA SENNA 16/18",Italy,,,,
Homi Milano,01/22/2022,2022,http://www.bilbaomueble.com/,DM,COLORI DEL SOLE,,,http://www.coloridelsole.com,produzione@coloridelsole.it,0039 091 8674937,,"PALERMO (PA), VIA SANTUARIO DI CRUILLAS 10",Italy,,,,
Homi Milano,01/22/2022,2022,http://www.bilbaomueble.com/,DM,COCODOR CO. LTD.,,,http://www.cocodor.com,customer.service@cocodor.com,0039 338 9669248,0082 5048455260,"YONGIN-SI GEYONGGI-DO, 145-17, WANGDAM-RO,  MOHYEON-EUP, CHEOIN-GU",Republic of korea,,,,
Homi Milano,01/22/2022,2022,http://www.bilbaomueble.com/,DM,CLEARCO SRL,,,http://www.clearco.it,info@clearco.it,0039 081 8081005,0039 081 8082213,"MASSA LUBRENSE (NA), VIA PONTESCURO  2",Italy,,,,
Homi Milano,01/22/2022,2022,http://www.bilbaomueble.com/,DM,CASAPINTO SRL,M11 N02,4P,http://www.villaltachiara.it,info@casapinto.it,0825681244,0825601030,"NAPOLI (NA), VIA MARINO TURCHI N.34",Italy,,,,
Homi Milano,01/22/2022,2022,http://www.bilbaomueble.com/,DM,CASA Y MENAJE 2015 S.L.,,,http://www.casamenaje.com,import@casamenaje.com,0034962200838,0034962200558,"L'OLLERIA, POL. IND. EL CARRASCOT, C/FUNDIDORS S/N",Spain,,,,
Homi Milano,01/22/2022,2022,http://www.bilbaomueble.com/,DM,CANTINI DISTRIBUTION SERVICE SRL,,,http://www.cantinidistribution.it,info@life-cantini.com,0039 0375 40621,0039 037 541709,"VICOMOSCANO (CR), VIA MANZONI 188",Italy,,,,
Homi Milano,01/22/2022,2022,http://www.bilbaomueble.com/,DM,BURRIAN SRL,K09 L10,1P,http://www.chez-moi.it,info@chez-moi.info,3287296707,,"RIO SALICETO (RE), VIA GRAMSCI 2A",Italy,,,,
Homi Milano,01/22/2022,2022,http://www.bilbaomueble.com/,DM,BRIANTINA PROFESSIONAL,,,http://www.briantina.it,info@briantina.it,0039 0375 59628,0039 0375 59602,"VIADANA (MN), VIA GIUSEPPE VERDI 15",Italy,,,,
Homi Milano,01/22/2022,2022,http://www.bilbaomueble.com/,DM,ATLANTE,"E26, H12 K11",4P,http://www.atlantesrl.it,info@atlantesrl.it,0039 051 0959800,0039 051 758708,"CASALECCHIO DI RENO (BO), VIA 2 GIUGNO 1946 8",Italy,,,,
Homi Milano,01/22/2022,2022,http://www.bilbaomueble.com/,DM,ATELIER CARTA BIANCA,,,http://www.ateliercartabianca.it,info@ateliercartabianca.it,0039 339 6751337,,"ALESSANDRIA (AL), VIA ROMERA 4",Italy,,,,
Homi Milano,01/22/2022,2022,http://www.bilbaomueble.com/,DM,ARTINFIORE di Boschetti Maurizio,,,http://www.artinfiore.com,info@artinfiore.com,0039 347 9630047,,"FORLI' (FC), VIA CONSOLARE 44",Italy,,,,
Homi Milano,01/22/2022,2022,http://www.bilbaomueble.com/,DM,ARTEINOLIVO SRL,H17,2P,http://www.arteinolivo.com,info@arteinolivo.com,0039 339 1563524,,"SAN GIORGIO MORGETO (RC), CONTRADA CAVALIERE 10",Italy,,,,
Homi Milano,01/22/2022,2022,http://www.bilbaomueble.com/,DM,BRUCO SRL,C11 D12,3P,http://www.bruco.it,info@bruco.it,0039 085 8072014,0039 085 8072117,"MOSCIANO SANT'ANGELO (TE), VIA DEL LAVORO SNC",Italy,,,,
Homi Milano,01/22/2022,2022,http://www.bilbaomueble.com/,DM,A & M SRL,P01 R02,2P,http://www.artiemestieri.it,export@artiemestieri.it,0559199903,0559199767,"TERRANUOVA BRACCIOLINI (AR), VIA BORRO AL TASSO 217",Italy,,,,
Homi Milano,01/22/2022,2022,http://www.bilbaomueble.com/,DM,ARTESANIA ESTEBAN FERRER S.L.,F19 G20,3P,http://www.artesfer.com,france@artesfer.com,0034972301095,0034972303418,"MONT - RAS GIRONA, C/FONT 11",Spain,,,,
Homi Milano,01/22/2022,2022,http://www.bilbaomueble.com/,DM,24Bottles Società Benefit S.r.l. a socio unico,P17,2P,http://www.24bottles.com,alice@24bottles.com,0039 051 0330500,,"VILLANOVA DI CASTENASO (BO), VIA TOSCANINI 9",Italy,,,,
Homi Milano,01/22/2022,2022,http://www.bilbaomueble.com/,DM,13 RICREA SAS DI A. MENSI & C.,,,http://www.13ricrea.com,13ricrea@13ricrea.com,0039 0142940471,0039 0142940499,"SERRALUNGA DI CREA (AL), VIA CASALE 3/BIS",Italy,,,,
Homi Milano,01/22/2022,2022,http://www.bilbaomueble.com/,DM,AGAREN SRL,D21,2P,http://www.agaren.it,amministrazione@agaren.it,0039 373 5047790,,"CALTAGIRONE (CT), C.DA POGGIARELLI SNC",Italy,,,,
